{"cameraMode":{"drawMode":0,"name":"Shaded","section":"Shading Mode"},"sceneLighting":false,"audioPlay":false,"sceneViewState":{"showFog":true,"showMaterialUpdate":false,"showSkybox":false,"showFlares":true,"showImageEffects":true,"showParticleSystems":true},"in2DMode":false,"pivot":{"x":0.5154895782470703,"y":-0.04999995231628418,"z":0.478291392326355},"rotation":{"x":-0.07213887572288513,"y":0.8793132901191711,"z":-0.14132016897201539,"w":-0.44944196939468386},"size":2.3392789363861086,"orthographic":false}