{"cameraMode":{"drawMode":0,"name":"Shaded","section":"Shading Mode"},"sceneLighting":true,"audioPlay":false,"sceneViewState":{"showFog":true,"showMaterialUpdate":true,"showSkybox":true,"showFlares":true,"showImageEffects":true,"showParticleSystems":true},"in2DMode":false,"pivot":{"x":686.77294921875,"y":577.7136840820313,"z":-670.3820190429688},"rotation":{"x":-0.12069950997829437,"y":0.09433476626873017,"z":-0.011161082424223423,"w":-0.9882534146308899},"size":22.75816535949707,"orthographic":false}